session_date,xnas_close_utc,btc_candle_start,btc_close_at_xnas,matched
2024-01-11,2024-01-11 21:00:00+00:00,2024-01-11 20:00:00+00:00,46289.15,True
2024-01-12,2024-01-12 21:00:00+00:00,2024-01-12 20:00:00+00:00,43648.18,True
2024-01-16,2024-01-16 21:00:00+00:00,2024-01-16 20:00:00+00:00,43170.0,True
2024-01-17,2024-01-17 21:00:00+00:00,2024-01-17 20:00:00+00:00,42636.74,True
2024-01-18,2024-01-18 21:00:00+00:00,2024-01-18 20:00:00+00:00,40677.76,True
2024-01-19,2024-01-19 21:00:00+00:00,2024-01-19 20:00:00+00:00,41543.06,True
2024-01-22,2024-01-22 21:00:00+00:00,2024-01-22 20:00:00+00:00,40139.74,True
2024-01-23,2024-01-23 21:00:00+00:00,2024-01-23 20:00:00+00:00,39120.89,True
2024-01-24,2024-01-24 21:00:00+00:00,2024-01-24 20:00:00+00:00,39471.37,True
2024-01-25,2024-01-25 21:00:00+00:00,2024-01-25 20:00:00+00:00,39801.6,True
2024-01-26,2024-01-26 21:00:00+00:00,2024-01-26 20:00:00+00:00,41967.75,True
2024-01-29,2024-01-29 21:00:00+00:00,2024-01-29 20:00:00+00:00,43149.48,True
2024-01-30,2024-01-30 21:00:00+00:00,2024-01-30 20:00:00+00:00,43552.07,True
2024-01-31,2024-01-31 21:00:00+00:00,2024-01-31 20:00:00+00:00,42524.73,True
2024-02-01,2024-02-01 21:00:00+00:00,2024-02-01 20:00:00+00:00,43001.81,True
2024-02-02,2024-02-02 21:00:00+00:00,2024-02-02 20:00:00+00:00,42935.23,True
2024-02-05,2024-02-05 21:00:00+00:00,2024-02-05 20:00:00+00:00,42376.3,True
2024-02-06,2024-02-06 21:00:00+00:00,2024-02-06 20:00:00+00:00,43092.0,True
2024-02-07,2024-02-07 21:00:00+00:00,2024-02-07 20:00:00+00:00,44129.57,True
2024-02-08,2024-02-08 21:00:00+00:00,2024-02-08 20:00:00+00:00,45527.61,True
2024-02-09,2024-02-09 21:00:00+00:00,2024-02-09 20:00:00+00:00,47559.63,True
2024-02-12,2024-02-12 21:00:00+00:00,2024-02-12 20:00:00+00:00,50212.91,True
2024-02-13,2024-02-13 21:00:00+00:00,2024-02-13 20:00:00+00:00,49446.55,True
2024-02-14,2024-02-14 21:00:00+00:00,2024-02-14 20:00:00+00:00,51744.69,True
2024-02-15,2024-02-15 21:00:00+00:00,2024-02-15 20:00:00+00:00,51717.95,True
2024-02-16,2024-02-16 21:00:00+00:00,2024-02-16 20:00:00+00:00,51862.31,True
2024-02-20,2024-02-20 21:00:00+00:00,2024-02-20 20:00:00+00:00,52004.0,True
2024-02-21,2024-02-21 21:00:00+00:00,2024-02-21 20:00:00+00:00,50943.5,True
2024-02-22,2024-02-22 21:00:00+00:00,2024-02-22 20:00:00+00:00,52018.35,True
2024-02-23,2024-02-23 21:00:00+00:00,2024-02-23 20:00:00+00:00,51092.09,True
2024-02-26,2024-02-26 21:00:00+00:00,2024-02-26 20:00:00+00:00,54476.71,True
2024-02-27,2024-02-27 21:00:00+00:00,2024-02-27 20:00:00+00:00,57015.79,True
2024-02-28,2024-02-28 21:00:00+00:00,2024-02-28 20:00:00+00:00,60402.13,True
2024-02-29,2024-02-29 21:00:00+00:00,2024-02-29 20:00:00+00:00,61958.39,True
2024-03-01,2024-03-01 21:00:00+00:00,2024-03-01 20:00:00+00:00,62990.39,True
2024-03-04,2024-03-04 21:00:00+00:00,2024-03-04 20:00:00+00:00,67626.0,True
2024-03-05,2024-03-05 21:00:00+00:00,2024-03-05 20:00:00+00:00,61896.61,True
2024-03-06,2024-03-06 21:00:00+00:00,2024-03-06 20:00:00+00:00,67075.04,True
2024-03-07,2024-03-07 21:00:00+00:00,2024-03-07 20:00:00+00:00,67729.69,True
2024-03-08,2024-03-08 21:00:00+00:00,2024-03-08 20:00:00+00:00,69334.11,True
2024-03-11,2024-03-11 20:00:00+00:00,2024-03-11 19:00:00+00:00,72033.99,True
2024-03-12,2024-03-12 20:00:00+00:00,2024-03-12 19:00:00+00:00,71428.46,True
2024-03-13,2024-03-13 20:00:00+00:00,2024-03-13 19:00:00+00:00,73517.19,True
2024-03-14,2024-03-14 20:00:00+00:00,2024-03-14 19:00:00+00:00,69260.0,True
2024-03-15,2024-03-15 20:00:00+00:00,2024-03-15 19:00:00+00:00,68988.49,True
2024-03-18,2024-03-18 20:00:00+00:00,2024-03-18 19:00:00+00:00,66934.82,True
2024-03-19,2024-03-19 20:00:00+00:00,2024-03-19 19:00:00+00:00,64378.05,True
2024-03-20,2024-03-20 20:00:00+00:00,2024-03-20 19:00:00+00:00,65782.98,True
2024-03-21,2024-03-21 20:00:00+00:00,2024-03-21 19:00:00+00:00,65220.34,True
2024-03-22,2024-03-22 20:00:00+00:00,2024-03-22 19:00:00+00:00,63872.85,True
2024-03-25,2024-03-25 20:00:00+00:00,2024-03-25 19:00:00+00:00,71071.7,True
2024-03-26,2024-03-26 20:00:00+00:00,2024-03-26 19:00:00+00:00,69445.99,True
2024-03-27,2024-03-27 20:00:00+00:00,2024-03-27 19:00:00+00:00,68591.46,True
2024-03-28,2024-03-28 20:00:00+00:00,2024-03-28 19:00:00+00:00,70840.97,True
2024-04-01,2024-04-01 20:00:00+00:00,2024-04-01 19:00:00+00:00,69709.52,True
2024-04-02,2024-04-02 20:00:00+00:00,2024-04-02 19:00:00+00:00,65963.45,True
2024-04-03,2024-04-03 20:00:00+00:00,2024-04-03 19:00:00+00:00,65826.87,True
2024-04-04,2024-04-04 20:00:00+00:00,2024-04-04 19:00:00+00:00,68540.79,True
2024-04-05,2024-04-05 20:00:00+00:00,2024-04-05 19:00:00+00:00,67368.16,True
2024-04-08,2024-04-08 20:00:00+00:00,2024-04-08 19:00:00+00:00,71747.65,True
2024-04-09,2024-04-09 20:00:00+00:00,2024-04-09 19:00:00+00:00,68949.18,True
2024-04-10,2024-04-10 20:00:00+00:00,2024-04-10 19:00:00+00:00,70087.49,True
2024-04-11,2024-04-11 20:00:00+00:00,2024-04-11 19:00:00+00:00,70490.11,True
2024-04-12,2024-04-12 20:00:00+00:00,2024-04-12 19:00:00+00:00,66855.72,True
2024-04-15,2024-04-15 20:00:00+00:00,2024-04-15 19:00:00+00:00,63310.19,True
2024-04-16,2024-04-16 20:00:00+00:00,2024-04-16 19:00:00+00:00,62738.31,True
2024-04-17,2024-04-17 20:00:00+00:00,2024-04-17 19:00:00+00:00,60992.15,True
2024-04-18,2024-04-18 20:00:00+00:00,2024-04-18 19:00:00+00:00,63550.01,True
2024-04-19,2024-04-19 20:00:00+00:00,2024-04-19 19:00:00+00:00,64350.0,True
2024-04-22,2024-04-22 20:00:00+00:00,2024-04-22 19:00:00+00:00,66570.09,True
2024-04-23,2024-04-23 20:00:00+00:00,2024-04-23 19:00:00+00:00,66496.47,True
2024-04-24,2024-04-24 20:00:00+00:00,2024-04-24 19:00:00+00:00,63880.73,True
2024-04-25,2024-04-25 20:00:00+00:00,2024-04-25 19:00:00+00:00,64719.99,True
2024-04-26,2024-04-26 20:00:00+00:00,2024-04-26 19:00:00+00:00,63716.71,True
2024-04-29,2024-04-29 20:00:00+00:00,2024-04-29 19:00:00+00:00,62958.54,True
2024-04-30,2024-04-30 20:00:00+00:00,2024-04-30 19:00:00+00:00,59098.16,True
2024-05-01,2024-05-01 20:00:00+00:00,2024-05-01 19:00:00+00:00,56873.82,True
2024-05-02,2024-05-02 20:00:00+00:00,2024-05-02 19:00:00+00:00,59369.11,True
2024-05-03,2024-05-03 20:00:00+00:00,2024-05-03 19:00:00+00:00,62074.92,True
2024-05-06,2024-05-06 20:00:00+00:00,2024-05-06 19:00:00+00:00,63207.17,True
2024-05-07,2024-05-07 20:00:00+00:00,2024-05-07 19:00:00+00:00,63055.82,True
2024-05-08,2024-05-08 20:00:00+00:00,2024-05-08 19:00:00+00:00,62152.84,True
2024-05-09,2024-05-09 20:00:00+00:00,2024-05-09 19:00:00+00:00,62436.57,True
2024-05-10,2024-05-10 20:00:00+00:00,2024-05-10 19:00:00+00:00,60652.05,True
2024-05-13,2024-05-13 20:00:00+00:00,2024-05-13 19:00:00+00:00,63173.21,True
2024-05-14,2024-05-14 20:00:00+00:00,2024-05-14 19:00:00+00:00,61553.38,True
2024-05-15,2024-05-15 20:00:00+00:00,2024-05-15 19:00:00+00:00,66065.41,True
2024-05-16,2024-05-16 20:00:00+00:00,2024-05-16 19:00:00+00:00,65181.38,True
2024-05-17,2024-05-17 20:00:00+00:00,2024-05-17 19:00:00+00:00,67099.6,True
2024-05-20,2024-05-20 20:00:00+00:00,2024-05-20 19:00:00+00:00,70068.07,True
2024-05-21,2024-05-21 20:00:00+00:00,2024-05-21 19:00:00+00:00,69284.85,True
2024-05-22,2024-05-22 20:00:00+00:00,2024-05-22 19:00:00+00:00,69638.33,True
2024-05-23,2024-05-23 20:00:00+00:00,2024-05-23 19:00:00+00:00,67113.45,True
2024-05-24,2024-05-24 20:00:00+00:00,2024-05-24 19:00:00+00:00,69135.52,True
2024-05-28,2024-05-28 20:00:00+00:00,2024-05-28 19:00:00+00:00,68345.52,True
2024-05-29,2024-05-29 20:00:00+00:00,2024-05-29 19:00:00+00:00,67192.68,True
2024-05-30,2024-05-30 20:00:00+00:00,2024-05-30 19:00:00+00:00,68679.87,True
2024-05-31,2024-05-31 20:00:00+00:00,2024-05-31 19:00:00+00:00,67578.13,True
2024-06-03,2024-06-03 20:00:00+00:00,2024-06-03 19:00:00+00:00,69204.53,True
2024-06-04,2024-06-04 20:00:00+00:00,2024-06-04 19:00:00+00:00,70439.73,True
2024-06-05,2024-06-05 20:00:00+00:00,2024-06-05 19:00:00+00:00,71300.39,True
2024-06-06,2024-06-06 20:00:00+00:00,2024-06-06 19:00:00+00:00,70472.0,True
2024-06-07,2024-06-07 20:00:00+00:00,2024-06-07 19:00:00+00:00,69206.35,True
2024-06-10,2024-06-10 20:00:00+00:00,2024-06-10 19:00:00+00:00,69492.41,True
2024-06-11,2024-06-11 20:00:00+00:00,2024-06-11 19:00:00+00:00,67400.44,True
2024-06-12,2024-06-12 20:00:00+00:00,2024-06-12 19:00:00+00:00,67520.0,True
2024-06-13,2024-06-13 20:00:00+00:00,2024-06-13 19:00:00+00:00,66570.39,True
2024-06-14,2024-06-14 20:00:00+00:00,2024-06-14 19:00:00+00:00,65470.55,True
2024-06-17,2024-06-17 20:00:00+00:00,2024-06-17 19:00:00+00:00,66657.94,True
2024-06-18,2024-06-18 20:00:00+00:00,2024-06-18 19:00:00+00:00,64366.1,True
2024-06-20,2024-06-20 20:00:00+00:00,2024-06-20 19:00:00+00:00,65010.87,True
2024-06-21,2024-06-21 20:00:00+00:00,2024-06-21 19:00:00+00:00,64193.28,True
2024-06-24,2024-06-24 20:00:00+00:00,2024-06-24 19:00:00+00:00,59270.63,True
2024-06-25,2024-06-25 20:00:00+00:00,2024-06-25 19:00:00+00:00,61960.58,True
2024-06-26,2024-06-26 20:00:00+00:00,2024-06-26 19:00:00+00:00,60931.9,True
2024-06-27,2024-06-27 20:00:00+00:00,2024-06-27 19:00:00+00:00,61362.12,True
2024-06-28,2024-06-28 20:00:00+00:00,2024-06-28 19:00:00+00:00,59952.11,True
2024-07-01,2024-07-01 20:00:00+00:00,2024-07-01 19:00:00+00:00,63163.74,True
2024-07-02,2024-07-02 20:00:00+00:00,2024-07-02 19:00:00+00:00,61832.3,True
2024-07-03,2024-07-03 17:00:00+00:00,2024-07-03 16:00:00+00:00,60427.14,True
2024-07-05,2024-07-05 20:00:00+00:00,2024-07-05 19:00:00+00:00,56463.55,True
2024-07-08,2024-07-08 20:00:00+00:00,2024-07-08 19:00:00+00:00,56475.05,True
2024-07-09,2024-07-09 20:00:00+00:00,2024-07-09 19:00:00+00:00,57858.29,True
2024-07-10,2024-07-10 20:00:00+00:00,2024-07-10 19:00:00+00:00,57384.25,True
2024-07-11,2024-07-11 20:00:00+00:00,2024-07-11 19:00:00+00:00,57386.03,True
2024-07-12,2024-07-12 20:00:00+00:00,2024-07-12 19:00:00+00:00,57611.34,True
2024-07-15,2024-07-15 20:00:00+00:00,2024-07-15 19:00:00+00:00,63426.27,True
2024-07-16,2024-07-16 20:00:00+00:00,2024-07-16 19:00:00+00:00,65208.43,True
2024-07-17,2024-07-17 20:00:00+00:00,2024-07-17 19:00:00+00:00,64602.85,True
2024-07-18,2024-07-18 20:00:00+00:00,2024-07-18 19:00:00+00:00,63547.89,True
2024-07-19,2024-07-19 20:00:00+00:00,2024-07-19 19:00:00+00:00,67207.36,True
2024-07-22,2024-07-22 20:00:00+00:00,2024-07-22 19:00:00+00:00,68276.66,True
2024-07-23,2024-07-23 20:00:00+00:00,2024-07-23 19:00:00+00:00,65525.0,True
2024-07-24,2024-07-24 20:00:00+00:00,2024-07-24 19:00:00+00:00,65651.94,True
2024-07-25,2024-07-25 20:00:00+00:00,2024-07-25 19:00:00+00:00,64663.15,True
2024-07-26,2024-07-26 20:00:00+00:00,2024-07-26 19:00:00+00:00,68008.63,True
2024-07-29,2024-07-29 20:00:00+00:00,2024-07-29 19:00:00+00:00,67297.37,True
2024-07-30,2024-07-30 20:00:00+00:00,2024-07-30 19:00:00+00:00,65891.91,True
2024-07-31,2024-07-31 20:00:00+00:00,2024-07-31 19:00:00+00:00,65222.44,True
2024-08-01,2024-08-01 20:00:00+00:00,2024-08-01 19:00:00+00:00,63346.4,True
2024-08-02,2024-08-02 20:00:00+00:00,2024-08-02 19:00:00+00:00,62553.57,True
2024-08-05,2024-08-05 20:00:00+00:00,2024-08-05 19:00:00+00:00,53469.64,True
2024-08-06,2024-08-06 20:00:00+00:00,2024-08-06 19:00:00+00:00,56787.45,True
2024-08-07,2024-08-07 20:00:00+00:00,2024-08-07 19:00:00+00:00,54755.89,True
2024-08-08,2024-08-08 20:00:00+00:00,2024-08-08 19:00:00+00:00,59461.06,True
2024-08-09,2024-08-09 20:00:00+00:00,2024-08-09 19:00:00+00:00,60704.82,True
2024-08-12,2024-08-12 20:00:00+00:00,2024-08-12 19:00:00+00:00,59055.01,True
2024-08-13,2024-08-13 20:00:00+00:00,2024-08-13 19:00:00+00:00,60833.19,True
2024-08-14,2024-08-14 20:00:00+00:00,2024-08-14 19:00:00+00:00,58901.63,True
2024-08-15,2024-08-15 20:00:00+00:00,2024-08-15 19:00:00+00:00,57036.01,True
2024-08-16,2024-08-16 20:00:00+00:00,2024-08-16 19:00:00+00:00,59710.88,True
2024-08-19,2024-08-19 20:00:00+00:00,2024-08-19 19:00:00+00:00,58979.76,True
2024-08-20,2024-08-20 20:00:00+00:00,2024-08-20 19:00:00+00:00,59517.0,True
2024-08-21,2024-08-21 20:00:00+00:00,2024-08-21 19:00:00+00:00,61610.76,True
2024-08-22,2024-08-22 20:00:00+00:00,2024-08-22 19:00:00+00:00,60314.46,True
2024-08-23,2024-08-23 20:00:00+00:00,2024-08-23 19:00:00+00:00,63649.84,True
2024-08-26,2024-08-26 20:00:00+00:00,2024-08-26 19:00:00+00:00,63369.76,True
2024-08-27,2024-08-27 20:00:00+00:00,2024-08-27 19:00:00+00:00,62109.68,True
2024-08-28,2024-08-28 20:00:00+00:00,2024-08-28 19:00:00+00:00,58904.42,True
2024-08-29,2024-08-29 20:00:00+00:00,2024-08-29 19:00:00+00:00,59253.71,True
2024-08-30,2024-08-30 20:00:00+00:00,2024-08-30 19:00:00+00:00,58674.49,True
2024-09-03,2024-09-03 20:00:00+00:00,2024-09-03 19:00:00+00:00,58017.88,True
2024-09-04,2024-09-04 20:00:00+00:00,2024-09-04 19:00:00+00:00,58043.49,True
2024-09-05,2024-09-05 20:00:00+00:00,2024-09-05 19:00:00+00:00,56035.77,True
2024-09-06,2024-09-06 20:00:00+00:00,2024-09-06 19:00:00+00:00,53478.7,True
2024-09-09,2024-09-09 20:00:00+00:00,2024-09-09 19:00:00+00:00,57101.12,True
2024-09-10,2024-09-10 20:00:00+00:00,2024-09-10 19:00:00+00:00,57960.57,True
2024-09-11,2024-09-11 20:00:00+00:00,2024-09-11 19:00:00+00:00,57604.58,True
2024-09-12,2024-09-12 20:00:00+00:00,2024-09-12 19:00:00+00:00,58407.05,True
2024-09-13,2024-09-13 20:00:00+00:00,2024-09-13 19:00:00+00:00,59760.46,True
2024-09-16,2024-09-16 20:00:00+00:00,2024-09-16 19:00:00+00:00,57936.06,True
2024-09-17,2024-09-17 20:00:00+00:00,2024-09-17 19:00:00+00:00,59975.42,True
2024-09-18,2024-09-18 20:00:00+00:00,2024-09-18 19:00:00+00:00,60061.01,True
2024-09-19,2024-09-19 20:00:00+00:00,2024-09-19 19:00:00+00:00,63266.78,True
2024-09-20,2024-09-20 20:00:00+00:00,2024-09-20 19:00:00+00:00,62806.9,True
2024-09-23,2024-09-23 20:00:00+00:00,2024-09-23 19:00:00+00:00,63297.31,True
2024-09-24,2024-09-24 20:00:00+00:00,2024-09-24 19:00:00+00:00,64300.87,True
2024-09-25,2024-09-25 20:00:00+00:00,2024-09-25 19:00:00+00:00,63167.39,True
2024-09-26,2024-09-26 20:00:00+00:00,2024-09-26 19:00:00+00:00,64722.33,True
2024-09-27,2024-09-27 20:00:00+00:00,2024-09-27 19:00:00+00:00,65664.45,True
2024-09-30,2024-09-30 20:00:00+00:00,2024-09-30 19:00:00+00:00,63464.76,True
2024-10-01,2024-10-01 20:00:00+00:00,2024-10-01 19:00:00+00:00,61745.74,True
2024-10-02,2024-10-02 20:00:00+00:00,2024-10-02 19:00:00+00:00,60164.4,True
2024-10-03,2024-10-03 20:00:00+00:00,2024-10-03 19:00:00+00:00,61030.5,True
2024-10-04,2024-10-04 20:00:00+00:00,2024-10-04 19:00:00+00:00,62373.62,True
2024-10-07,2024-10-07 20:00:00+00:00,2024-10-07 19:00:00+00:00,63368.59,True
2024-10-08,2024-10-08 20:00:00+00:00,2024-10-08 19:00:00+00:00,62216.84,True
2024-10-09,2024-10-09 20:00:00+00:00,2024-10-09 19:00:00+00:00,60968.18,True
2024-10-10,2024-10-10 20:00:00+00:00,2024-10-10 19:00:00+00:00,59670.0,True
2024-10-11,2024-10-11 20:00:00+00:00,2024-10-11 19:00:00+00:00,63094.66,True
2024-10-14,2024-10-14 20:00:00+00:00,2024-10-14 19:00:00+00:00,65914.86,True
2024-10-15,2024-10-15 20:00:00+00:00,2024-10-15 19:00:00+00:00,66975.69,True
2024-10-16,2024-10-16 20:00:00+00:00,2024-10-16 19:00:00+00:00,67725.74,True
2024-10-17,2024-10-17 20:00:00+00:00,2024-10-17 19:00:00+00:00,66825.0,True
2024-10-18,2024-10-18 20:00:00+00:00,2024-10-18 19:00:00+00:00,68602.94,True
2024-10-21,2024-10-21 20:00:00+00:00,2024-10-21 19:00:00+00:00,67735.4,True
2024-10-22,2024-10-22 20:00:00+00:00,2024-10-22 19:00:00+00:00,67439.11,True
2024-10-23,2024-10-23 20:00:00+00:00,2024-10-23 19:00:00+00:00,66393.44,True
2024-10-24,2024-10-24 20:00:00+00:00,2024-10-24 19:00:00+00:00,68269.33,True
2024-10-25,2024-10-25 20:00:00+00:00,2024-10-25 19:00:00+00:00,66725.35,True
2024-10-28,2024-10-28 20:00:00+00:00,2024-10-28 19:00:00+00:00,69616.92,True
2024-10-29,2024-10-29 20:00:00+00:00,2024-10-29 19:00:00+00:00,72512.31,True
2024-10-30,2024-10-30 20:00:00+00:00,2024-10-30 19:00:00+00:00,71817.56,True
2024-10-31,2024-10-31 20:00:00+00:00,2024-10-31 19:00:00+00:00,69963.39,True
2024-11-01,2024-11-01 20:00:00+00:00,2024-11-01 19:00:00+00:00,69211.34,True
2024-11-04,2024-11-04 21:00:00+00:00,2024-11-04 20:00:00+00:00,67279.04,True
2024-11-05,2024-11-05 21:00:00+00:00,2024-11-05 20:00:00+00:00,69439.54,True
2024-11-06,2024-11-06 21:00:00+00:00,2024-11-06 20:00:00+00:00,76221.57,True
2024-11-07,2024-11-07 21:00:00+00:00,2024-11-07 20:00:00+00:00,76599.9,True
2024-11-08,2024-11-08 21:00:00+00:00,2024-11-08 20:00:00+00:00,76712.64,True
2024-11-11,2024-11-11 21:00:00+00:00,2024-11-11 20:00:00+00:00,87047.89,True
2024-11-12,2024-11-12 21:00:00+00:00,2024-11-12 20:00:00+00:00,89618.02,True
2024-11-13,2024-11-13 21:00:00+00:00,2024-11-13 20:00:00+00:00,89780.86,True
2024-11-14,2024-11-14 21:00:00+00:00,2024-11-14 20:00:00+00:00,87550.16,True
2024-11-15,2024-11-15 21:00:00+00:00,2024-11-15 20:00:00+00:00,91523.12,True
2024-11-18,2024-11-18 21:00:00+00:00,2024-11-18 20:00:00+00:00,91575.13,True
2024-11-19,2024-11-19 21:00:00+00:00,2024-11-19 20:00:00+00:00,92577.97,True
2024-11-20,2024-11-20 21:00:00+00:00,2024-11-20 20:00:00+00:00,94380.69,True
2024-11-21,2024-11-21 21:00:00+00:00,2024-11-21 20:00:00+00:00,98240.34,True
2024-11-22,2024-11-22 21:00:00+00:00,2024-11-22 20:00:00+00:00,99379.49,True
2024-11-25,2024-11-25 21:00:00+00:00,2024-11-25 20:00:00+00:00,94985.99,True
2024-11-26,2024-11-26 21:00:00+00:00,2024-11-26 20:00:00+00:00,90940.03,True
2024-11-27,2024-11-27 21:00:00+00:00,2024-11-27 20:00:00+00:00,96643.99,True
2024-11-29,2024-11-29 18:00:00+00:00,2024-11-29 17:00:00+00:00,97052.95,True
2024-12-02,2024-12-02 21:00:00+00:00,2024-12-02 20:00:00+00:00,95694.32,True
2024-12-03,2024-12-03 21:00:00+00:00,2024-12-03 20:00:00+00:00,95660.2,True
2024-12-04,2024-12-04 21:00:00+00:00,2024-12-04 20:00:00+00:00,99029.44,True
2024-12-05,2024-12-05 21:00:00+00:00,2024-12-05 20:00:00+00:00,99143.74,True
2024-12-06,2024-12-06 21:00:00+00:00,2024-12-06 20:00:00+00:00,101564.38,True
2024-12-09,2024-12-09 21:00:00+00:00,2024-12-09 20:00:00+00:00,96196.76,True
2024-12-10,2024-12-10 21:00:00+00:00,2024-12-10 20:00:00+00:00,96482.7,True
2024-12-11,2024-12-11 21:00:00+00:00,2024-12-11 20:00:00+00:00,101403.61,True
2024-12-12,2024-12-12 21:00:00+00:00,2024-12-12 20:00:00+00:00,100054.53,True
2024-12-13,2024-12-13 21:00:00+00:00,2024-12-13 20:00:00+00:00,101728.61,True
2024-12-16,2024-12-16 21:00:00+00:00,2024-12-16 20:00:00+00:00,105848.66,True
2024-12-17,2024-12-17 21:00:00+00:00,2024-12-17 20:00:00+00:00,106726.24,True
2024-12-18,2024-12-18 21:00:00+00:00,2024-12-18 20:00:00+00:00,100699.83,True
2024-12-19,2024-12-19 21:00:00+00:00,2024-12-19 20:00:00+00:00,96243.93,True
2024-12-20,2024-12-20 21:00:00+00:00,2024-12-20 20:00:00+00:00,96362.57,True
2024-12-23,2024-12-23 21:00:00+00:00,2024-12-23 20:00:00+00:00,92980.11,True
2024-12-24,2024-12-24 18:00:00+00:00,2024-12-24 17:00:00+00:00,98761.49,True
2024-12-26,2024-12-26 21:00:00+00:00,2024-12-26 20:00:00+00:00,95470.16,True
2024-12-27,2024-12-27 21:00:00+00:00,2024-12-27 20:00:00+00:00,94444.1,True
2024-12-30,2024-12-30 21:00:00+00:00,2024-12-30 20:00:00+00:00,94211.54,True
2024-12-31,2024-12-31 21:00:00+00:00,2024-12-31 20:00:00+00:00,93390.22,True
2025-01-02,2025-01-02 21:00:00+00:00,2025-01-02 20:00:00+00:00,97209.38,True
2025-01-03,2025-01-03 21:00:00+00:00,2025-01-03 20:00:00+00:00,98300.02,True
2025-01-06,2025-01-06 21:00:00+00:00,2025-01-06 20:00:00+00:00,102182.39,True
2025-01-07,2025-01-07 21:00:00+00:00,2025-01-07 20:00:00+00:00,96450.93,True
2025-01-08,2025-01-08 21:00:00+00:00,2025-01-08 20:00:00+00:00,93948.24,True
2025-01-10,2025-01-10 21:00:00+00:00,2025-01-10 20:00:00+00:00,94672.29,True
2025-01-13,2025-01-13 21:00:00+00:00,2025-01-13 20:00:00+00:00,93564.5,True
2025-01-14,2025-01-14 21:00:00+00:00,2025-01-14 20:00:00+00:00,96447.58,True
2025-01-15,2025-01-15 21:00:00+00:00,2025-01-15 20:00:00+00:00,99572.92,True
2025-01-16,2025-01-16 21:00:00+00:00,2025-01-16 20:00:00+00:00,100348.45,True
2025-01-17,2025-01-17 21:00:00+00:00,2025-01-17 20:00:00+00:00,104732.3,True
2025-01-21,2025-01-21 21:00:00+00:00,2025-01-21 20:00:00+00:00,106137.11,True
2025-01-22,2025-01-22 21:00:00+00:00,2025-01-22 20:00:00+00:00,104313.15,True
2025-01-23,2025-01-23 21:00:00+00:00,2025-01-23 20:00:00+00:00,103331.39,True
2025-01-24,2025-01-24 21:00:00+00:00,2025-01-24 20:00:00+00:00,104870.05,True
2025-01-27,2025-01-27 21:00:00+00:00,2025-01-27 20:00:00+00:00,101352.86,True
2025-01-28,2025-01-28 21:00:00+00:00,2025-01-28 20:00:00+00:00,101207.91,True
2025-01-29,2025-01-29 21:00:00+00:00,2025-01-29 20:00:00+00:00,104220.34,True
2025-01-30,2025-01-30 21:00:00+00:00,2025-01-30 20:00:00+00:00,104915.66,True
2025-01-31,2025-01-31 21:00:00+00:00,2025-01-31 20:00:00+00:00,101599.53,True
2025-02-03,2025-02-03 21:00:00+00:00,2025-02-03 20:00:00+00:00,101209.94,True
2025-02-04,2025-02-04 21:00:00+00:00,2025-02-04 20:00:00+00:00,98697.79,True
2025-02-05,2025-02-05 21:00:00+00:00,2025-02-05 20:00:00+00:00,97325.05,True
2025-02-06,2025-02-06 21:00:00+00:00,2025-02-06 20:00:00+00:00,96935.46,True
2025-02-07,2025-02-07 21:00:00+00:00,2025-02-07 20:00:00+00:00,95776.2,True
2025-02-10,2025-02-10 21:00:00+00:00,2025-02-10 20:00:00+00:00,97374.72,True
2025-02-11,2025-02-11 21:00:00+00:00,2025-02-11 20:00:00+00:00,95279.96,True
2025-02-12,2025-02-12 21:00:00+00:00,2025-02-12 20:00:00+00:00,97033.95,True
2025-02-13,2025-02-13 21:00:00+00:00,2025-02-13 20:00:00+00:00,96273.84,True
2025-02-14,2025-02-14 21:00:00+00:00,2025-02-14 20:00:00+00:00,97236.51,True
2025-02-18,2025-02-18 21:00:00+00:00,2025-02-18 20:00:00+00:00,94161.31,True
2025-02-19,2025-02-19 21:00:00+00:00,2025-02-19 20:00:00+00:00,96162.43,True
2025-02-20,2025-02-20 21:00:00+00:00,2025-02-20 20:00:00+00:00,98512.94,True
2025-02-21,2025-02-21 21:00:00+00:00,2025-02-21 20:00:00+00:00,94937.7,True
2025-02-24,2025-02-24 21:00:00+00:00,2025-02-24 20:00:00+00:00,93977.16,True
2025-02-25,2025-02-25 21:00:00+00:00,2025-02-25 20:00:00+00:00,88057.62,True
2025-02-26,2025-02-26 21:00:00+00:00,2025-02-26 20:00:00+00:00,84264.23,True
2025-02-27,2025-02-27 21:00:00+00:00,2025-02-27 20:00:00+00:00,83358.53,True
2025-02-28,2025-02-28 21:00:00+00:00,2025-02-28 20:00:00+00:00,84155.16,True
2025-03-03,2025-03-03 21:00:00+00:00,2025-03-03 20:00:00+00:00,85989.99,True
2025-03-04,2025-03-04 21:00:00+00:00,2025-03-04 20:00:00+00:00,86813.52,True
2025-03-05,2025-03-05 21:00:00+00:00,2025-03-05 20:00:00+00:00,90499.79,True
2025-03-06,2025-03-06 21:00:00+00:00,2025-03-06 20:00:00+00:00,89019.08,True
2025-03-07,2025-03-07 21:00:00+00:00,2025-03-07 20:00:00+00:00,86970.66,True
2025-03-10,2025-03-10 20:00:00+00:00,2025-03-10 19:00:00+00:00,79002.84,True
2025-03-11,2025-03-11 20:00:00+00:00,2025-03-11 19:00:00+00:00,83071.91,True
2025-03-12,2025-03-12 20:00:00+00:00,2025-03-12 19:00:00+00:00,82893.13,True
2025-03-13,2025-03-13 20:00:00+00:00,2025-03-13 19:00:00+00:00,80140.82,True
2025-03-14,2025-03-14 20:00:00+00:00,2025-03-14 19:00:00+00:00,84561.86,True
2025-03-17,2025-03-17 20:00:00+00:00,2025-03-17 19:00:00+00:00,84481.92,True
2025-03-18,2025-03-18 20:00:00+00:00,2025-03-18 19:00:00+00:00,82308.47,True
2025-03-19,2025-03-19 20:00:00+00:00,2025-03-19 19:00:00+00:00,85469.73,True
2025-03-20,2025-03-20 20:00:00+00:00,2025-03-20 19:00:00+00:00,84137.13,True
2025-03-21,2025-03-21 20:00:00+00:00,2025-03-21 19:00:00+00:00,83918.76,True
2025-03-24,2025-03-24 20:00:00+00:00,2025-03-24 19:00:00+00:00,88292.88,True
2025-03-25,2025-03-25 20:00:00+00:00,2025-03-25 19:00:00+00:00,88175.6,True
2025-03-26,2025-03-26 20:00:00+00:00,2025-03-26 19:00:00+00:00,86567.47,True
2025-03-27,2025-03-27 20:00:00+00:00,2025-03-27 19:00:00+00:00,87059.54,True
2025-03-28,2025-03-28 20:00:00+00:00,2025-03-28 19:00:00+00:00,83733.93,True
2025-03-31,2025-03-31 20:00:00+00:00,2025-03-31 19:00:00+00:00,82443.85,True
2025-04-01,2025-04-01 20:00:00+00:00,2025-04-01 19:00:00+00:00,84955.25,True
2025-04-02,2025-04-02 20:00:00+00:00,2025-04-02 19:00:00+00:00,86925.98,True
2025-04-03,2025-04-03 20:00:00+00:00,2025-04-03 19:00:00+00:00,81949.14,True
2025-04-04,2025-04-04 20:00:00+00:00,2025-04-04 19:00:00+00:00,83967.63,True
2025-04-07,2025-04-07 20:00:00+00:00,2025-04-07 19:00:00+00:00,78071.42,True
2025-04-08,2025-04-08 20:00:00+00:00,2025-04-08 19:00:00+00:00,76751.4,True
2025-04-09,2025-04-09 20:00:00+00:00,2025-04-09 19:00:00+00:00,82301.16,True
2025-04-10,2025-04-10 20:00:00+00:00,2025-04-10 19:00:00+00:00,79574.75,True
2025-04-11,2025-04-11 20:00:00+00:00,2025-04-11 19:00:00+00:00,83835.8,True
2025-04-14,2025-04-14 20:00:00+00:00,2025-04-14 19:00:00+00:00,84918.89,True
2025-04-15,2025-04-15 20:00:00+00:00,2025-04-15 19:00:00+00:00,83983.6,True
2025-04-16,2025-04-16 20:00:00+00:00,2025-04-16 19:00:00+00:00,84338.62,True
2025-04-17,2025-04-17 20:00:00+00:00,2025-04-17 19:00:00+00:00,84860.31,True
2025-04-21,2025-04-21 20:00:00+00:00,2025-04-21 19:00:00+00:00,87416.85,True
2025-04-22,2025-04-22 20:00:00+00:00,2025-04-22 19:00:00+00:00,91497.04,True
2025-04-23,2025-04-23 20:00:00+00:00,2025-04-23 19:00:00+00:00,93558.79,True
2025-04-24,2025-04-24 20:00:00+00:00,2025-04-24 19:00:00+00:00,93618.4,True
2025-04-25,2025-04-25 20:00:00+00:00,2025-04-25 19:00:00+00:00,95423.14,True
2025-04-28,2025-04-28 20:00:00+00:00,2025-04-28 19:00:00+00:00,94813.63,True
2025-04-29,2025-04-29 20:00:00+00:00,2025-04-29 19:00:00+00:00,95349.42,True
2025-04-30,2025-04-30 20:00:00+00:00,2025-04-30 19:00:00+00:00,94157.42,True
2025-05-01,2025-05-01 20:00:00+00:00,2025-05-01 19:00:00+00:00,96588.48,True
2025-05-02,2025-05-02 20:00:00+00:00,2025-05-02 19:00:00+00:00,96966.7,True
2025-05-05,2025-05-05 20:00:00+00:00,2025-05-05 19:00:00+00:00,94348.18,True
2025-05-06,2025-05-06 20:00:00+00:00,2025-05-06 19:00:00+00:00,94977.68,True
2025-05-07,2025-05-07 20:00:00+00:00,2025-05-07 19:00:00+00:00,96208.29,True
2025-05-08,2025-05-08 20:00:00+00:00,2025-05-08 19:00:00+00:00,101335.87,True
2025-05-09,2025-05-09 20:00:00+00:00,2025-05-09 19:00:00+00:00,103229.28,True
2025-05-12,2025-05-12 20:00:00+00:00,2025-05-12 19:00:00+00:00,101850.92,True
2025-05-13,2025-05-13 20:00:00+00:00,2025-05-13 19:00:00+00:00,104836.64,True
2025-05-14,2025-05-14 20:00:00+00:00,2025-05-14 19:00:00+00:00,103302.0,True
2025-05-15,2025-05-15 20:00:00+00:00,2025-05-15 19:00:00+00:00,103179.6,True
2025-05-16,2025-05-16 20:00:00+00:00,2025-05-16 19:00:00+00:00,104069.32,True
2025-05-19,2025-05-19 20:00:00+00:00,2025-05-19 19:00:00+00:00,105556.13,True
2025-05-20,2025-05-20 20:00:00+00:00,2025-05-20 19:00:00+00:00,107086.17,True
2025-05-21,2025-05-21 20:00:00+00:00,2025-05-21 19:00:00+00:00,108675.07,True
2025-05-22,2025-05-22 20:00:00+00:00,2025-05-22 19:00:00+00:00,111241.94,True
2025-05-23,2025-05-23 20:00:00+00:00,2025-05-23 19:00:00+00:00,108747.25,True
2025-05-27,2025-05-27 20:00:00+00:00,2025-05-27 19:00:00+00:00,109938.56,True
2025-05-28,2025-05-28 20:00:00+00:00,2025-05-28 19:00:00+00:00,106956.19,True
2025-05-29,2025-05-29 20:00:00+00:00,2025-05-29 19:00:00+00:00,105744.47,True
2025-05-30,2025-05-30 20:00:00+00:00,2025-05-30 19:00:00+00:00,104651.99,True
2025-06-02,2025-06-02 20:00:00+00:00,2025-06-02 19:00:00+00:00,104470.22,True
2025-06-03,2025-06-03 20:00:00+00:00,2025-06-03 19:00:00+00:00,106301.7,True
2025-06-04,2025-06-04 20:00:00+00:00,2025-06-04 19:00:00+00:00,104961.64,True
2025-06-05,2025-06-05 20:00:00+00:00,2025-06-05 19:00:00+00:00,101908.77,True
2025-06-06,2025-06-06 20:00:00+00:00,2025-06-06 19:00:00+00:00,104304.24,True
2025-06-09,2025-06-09 20:00:00+00:00,2025-06-09 19:00:00+00:00,108679.24,True
2025-06-10,2025-06-10 20:00:00+00:00,2025-06-10 19:00:00+00:00,109533.92,True
2025-06-11,2025-06-11 20:00:00+00:00,2025-06-11 19:00:00+00:00,108768.9,True
2025-06-12,2025-06-12 20:00:00+00:00,2025-06-12 19:00:00+00:00,106828.55,True
2025-06-13,2025-06-13 20:00:00+00:00,2025-06-13 19:00:00+00:00,105153.75,True
2025-06-16,2025-06-16 20:00:00+00:00,2025-06-16 19:00:00+00:00,108699.51,True
2025-06-17,2025-06-17 20:00:00+00:00,2025-06-17 19:00:00+00:00,104705.02,True
2025-06-18,2025-06-18 20:00:00+00:00,2025-06-18 19:00:00+00:00,103818.67,True
2025-06-20,2025-06-20 20:00:00+00:00,2025-06-20 19:00:00+00:00,103326.33,True
2025-06-23,2025-06-23 20:00:00+00:00,2025-06-23 19:00:00+00:00,103243.85,True
2025-06-24,2025-06-24 20:00:00+00:00,2025-06-24 19:00:00+00:00,105710.77,True
2025-06-25,2025-06-25 20:00:00+00:00,2025-06-25 19:00:00+00:00,107836.0,True
2025-06-26,2025-06-26 20:00:00+00:00,2025-06-26 19:00:00+00:00,107584.79,True
2025-06-27,2025-06-27 20:00:00+00:00,2025-06-27 19:00:00+00:00,106851.43,True
2025-06-30,2025-06-30 20:00:00+00:00,2025-06-30 19:00:00+00:00,107751.68,True
2025-07-01,2025-07-01 20:00:00+00:00,2025-07-01 19:00:00+00:00,105403.99,True
2025-07-02,2025-07-02 20:00:00+00:00,2025-07-02 19:00:00+00:00,109755.27,True
2025-07-03,2025-07-03 17:00:00+00:00,2025-07-03 16:00:00+00:00,109316.08,True
2025-07-07,2025-07-07 20:00:00+00:00,2025-07-07 19:00:00+00:00,108058.12,True
2025-07-08,2025-07-08 20:00:00+00:00,2025-07-08 19:00:00+00:00,108781.37,True
2025-07-09,2025-07-09 20:00:00+00:00,2025-07-09 19:00:00+00:00,111792.0,True
2025-07-10,2025-07-10 20:00:00+00:00,2025-07-10 19:00:00+00:00,113399.95,True
2025-07-11,2025-07-11 20:00:00+00:00,2025-07-11 19:00:00+00:00,118191.06,True
2025-07-14,2025-07-14 20:00:00+00:00,2025-07-14 19:00:00+00:00,119945.25,True
2025-07-15,2025-07-15 20:00:00+00:00,2025-07-15 19:00:00+00:00,116410.21,True
2025-07-16,2025-07-16 20:00:00+00:00,2025-07-16 19:00:00+00:00,119304.15,True
2025-07-17,2025-07-17 20:00:00+00:00,2025-07-17 19:00:00+00:00,119032.03,True
2025-07-18,2025-07-18 20:00:00+00:00,2025-07-18 19:00:00+00:00,117426.36,True
2025-07-21,2025-07-21 20:00:00+00:00,2025-07-21 19:00:00+00:00,116782.87,True
2025-07-22,2025-07-22 20:00:00+00:00,2025-07-22 19:00:00+00:00,119326.44,True
2025-07-23,2025-07-23 20:00:00+00:00,2025-07-23 19:00:00+00:00,118458.67,True
2025-07-24,2025-07-24 20:00:00+00:00,2025-07-24 19:00:00+00:00,119030.64,True
2025-07-25,2025-07-25 20:00:00+00:00,2025-07-25 19:00:00+00:00,116721.63,True
2025-07-28,2025-07-28 20:00:00+00:00,2025-07-28 19:00:00+00:00,118066.31,True
2025-07-29,2025-07-29 20:00:00+00:00,2025-07-29 19:00:00+00:00,117483.28,True
2025-07-30,2025-07-30 20:00:00+00:00,2025-07-30 19:00:00+00:00,116900.01,True
2025-07-31,2025-07-31 20:00:00+00:00,2025-07-31 19:00:00+00:00,116757.77,True
2025-08-01,2025-08-01 20:00:00+00:00,2025-08-01 19:00:00+00:00,113247.92,True
2025-08-04,2025-08-04 20:00:00+00:00,2025-08-04 19:00:00+00:00,114746.95,True
2025-08-05,2025-08-05 20:00:00+00:00,2025-08-05 19:00:00+00:00,113602.75,True
2025-08-06,2025-08-06 20:00:00+00:00,2025-08-06 19:00:00+00:00,115295.57,True
2025-08-07,2025-08-07 20:00:00+00:00,2025-08-07 19:00:00+00:00,117525.79,True
2025-08-08,2025-08-08 20:00:00+00:00,2025-08-08 19:00:00+00:00,116467.8,True
2025-08-11,2025-08-11 20:00:00+00:00,2025-08-11 19:00:00+00:00,119068.36,True
2025-08-12,2025-08-12 20:00:00+00:00,2025-08-12 19:00:00+00:00,119655.97,True
2025-08-13,2025-08-13 20:00:00+00:00,2025-08-13 19:00:00+00:00,122804.64,True
2025-08-14,2025-08-14 20:00:00+00:00,2025-08-14 19:00:00+00:00,117997.18,True
2025-08-15,2025-08-15 20:00:00+00:00,2025-08-15 19:00:00+00:00,116997.52,True
2025-08-18,2025-08-18 20:00:00+00:00,2025-08-18 19:00:00+00:00,116365.53,True
2025-08-19,2025-08-19 20:00:00+00:00,2025-08-19 19:00:00+00:00,113105.4,True
2025-08-20,2025-08-20 20:00:00+00:00,2025-08-20 19:00:00+00:00,114279.3,True
2025-08-21,2025-08-21 20:00:00+00:00,2025-08-21 19:00:00+00:00,112160.29,True
2025-08-22,2025-08-22 20:00:00+00:00,2025-08-22 19:00:00+00:00,116648.95,True
2025-08-25,2025-08-25 20:00:00+00:00,2025-08-25 19:00:00+00:00,110693.42,True
2025-08-26,2025-08-26 20:00:00+00:00,2025-08-26 19:00:00+00:00,111125.26,True
2025-08-27,2025-08-27 20:00:00+00:00,2025-08-27 19:00:00+00:00,112078.96,True
2025-08-28,2025-08-28 20:00:00+00:00,2025-08-28 19:00:00+00:00,111905.45,True
2025-08-29,2025-08-29 20:00:00+00:00,2025-08-29 19:00:00+00:00,108213.98,True
2025-09-02,2025-09-02 20:00:00+00:00,2025-09-02 19:00:00+00:00,110809.89,True
2025-09-03,2025-09-03 20:00:00+00:00,2025-09-03 19:00:00+00:00,112240.18,True
2025-09-04,2025-09-04 20:00:00+00:00,2025-09-04 19:00:00+00:00,109808.31,True
2025-09-05,2025-09-05 20:00:00+00:00,2025-09-05 19:00:00+00:00,111630.22,True
2025-09-08,2025-09-08 20:00:00+00:00,2025-09-08 19:00:00+00:00,112107.76,True
2025-09-09,2025-09-09 20:00:00+00:00,2025-09-09 19:00:00+00:00,111305.71,True
2025-09-10,2025-09-10 20:00:00+00:00,2025-09-10 19:00:00+00:00,113610.0,True
2025-09-11,2025-09-11 20:00:00+00:00,2025-09-11 19:00:00+00:00,114464.0,True
2025-09-12,2025-09-12 20:00:00+00:00,2025-09-12 19:00:00+00:00,116793.73,True
2025-09-15,2025-09-15 20:00:00+00:00,2025-09-15 19:00:00+00:00,115327.01,True
2025-09-16,2025-09-16 20:00:00+00:00,2025-09-16 19:00:00+00:00,116866.13,True
2025-09-17,2025-09-17 20:00:00+00:00,2025-09-17 19:00:00+00:00,115699.28,True
2025-09-18,2025-09-18 20:00:00+00:00,2025-09-18 19:00:00+00:00,117503.13,True
2025-09-19,2025-09-19 20:00:00+00:00,2025-09-19 19:00:00+00:00,115166.0,True
2025-09-22,2025-09-22 20:00:00+00:00,2025-09-22 19:00:00+00:00,112192.0,True
2025-09-23,2025-09-23 20:00:00+00:00,2025-09-23 19:00:00+00:00,111679.02,True
2025-09-24,2025-09-24 20:00:00+00:00,2025-09-24 19:00:00+00:00,113477.89,True
2025-09-25,2025-09-25 20:00:00+00:00,2025-09-25 19:00:00+00:00,109391.38,True
2025-09-26,2025-09-26 20:00:00+00:00,2025-09-26 19:00:00+00:00,109218.56,True
2025-09-29,2025-09-29 20:00:00+00:00,2025-09-29 19:00:00+00:00,114325.41,True
2025-09-30,2025-09-30 20:00:00+00:00,2025-09-30 19:00:00+00:00,114378.49,True
2025-10-01,2025-10-01 20:00:00+00:00,2025-10-01 19:00:00+00:00,117501.25,True
2025-10-02,2025-10-02 20:00:00+00:00,2025-10-02 19:00:00+00:00,120932.04,True
2025-10-03,2025-10-03 20:00:00+00:00,2025-10-03 19:00:00+00:00,122778.0,True
2025-10-06,2025-10-06 20:00:00+00:00,2025-10-06 19:00:00+00:00,125474.93,True
2025-10-07,2025-10-07 20:00:00+00:00,2025-10-07 19:00:00+00:00,121695.48,True
2025-10-08,2025-10-08 20:00:00+00:00,2025-10-08 19:00:00+00:00,123467.99,True
2025-10-09,2025-10-09 20:00:00+00:00,2025-10-09 19:00:00+00:00,121040.0,True
2025-10-10,2025-10-10 20:00:00+00:00,2025-10-10 19:00:00+00:00,116670.01,True
2025-10-13,2025-10-13 20:00:00+00:00,2025-10-13 19:00:00+00:00,115899.11,True
2025-10-14,2025-10-14 20:00:00+00:00,2025-10-14 19:00:00+00:00,112664.75,True
2025-10-15,2025-10-15 20:00:00+00:00,2025-10-15 19:00:00+00:00,111318.21,True
2025-10-16,2025-10-16 20:00:00+00:00,2025-10-16 19:00:00+00:00,108246.33,True
2025-10-17,2025-10-17 20:00:00+00:00,2025-10-17 19:00:00+00:00,106484.0,True
2025-10-20,2025-10-20 20:00:00+00:00,2025-10-20 19:00:00+00:00,110840.0,True
2025-10-21,2025-10-21 20:00:00+00:00,2025-10-21 19:00:00+00:00,111841.0,True
2025-10-22,2025-10-22 20:00:00+00:00,2025-10-22 19:00:00+00:00,107846.83,True
2025-10-23,2025-10-23 20:00:00+00:00,2025-10-23 19:00:00+00:00,110247.6,True
2025-10-24,2025-10-24 20:00:00+00:00,2025-10-24 19:00:00+00:00,110624.14,True
2025-10-27,2025-10-27 20:00:00+00:00,2025-10-27 19:00:00+00:00,114950.0,True
2025-10-28,2025-10-28 20:00:00+00:00,2025-10-28 19:00:00+00:00,113687.51,True
2025-10-29,2025-10-29 20:00:00+00:00,2025-10-29 19:00:00+00:00,110644.31,True
2025-10-30,2025-10-30 20:00:00+00:00,2025-10-30 19:00:00+00:00,106491.99,True
2025-10-31,2025-10-31 20:00:00+00:00,2025-10-31 19:00:00+00:00,109756.29,True
2025-11-03,2025-11-03 21:00:00+00:00,2025-11-03 20:00:00+00:00,106632.31,True
2025-11-04,2025-11-04 21:00:00+00:00,2025-11-04 20:00:00+00:00,100680.87,True
2025-11-05,2025-11-05 21:00:00+00:00,2025-11-05 20:00:00+00:00,103841.98,True
2025-11-06,2025-11-06 21:00:00+00:00,2025-11-06 20:00:00+00:00,100860.0,True
2025-11-07,2025-11-07 21:00:00+00:00,2025-11-07 20:00:00+00:00,103749.09,True
2025-11-10,2025-11-10 21:00:00+00:00,2025-11-10 20:00:00+00:00,105985.94,True
2025-11-11,2025-11-11 21:00:00+00:00,2025-11-11 20:00:00+00:00,102771.54,True
2025-11-12,2025-11-12 21:00:00+00:00,2025-11-12 20:00:00+00:00,101519.99,True
2025-11-13,2025-11-13 21:00:00+00:00,2025-11-13 20:00:00+00:00,98090.0,True
2025-11-14,2025-11-14 21:00:00+00:00,2025-11-14 20:00:00+00:00,94287.01,True
2025-11-17,2025-11-17 21:00:00+00:00,2025-11-17 20:00:00+00:00,91787.28,True
2025-11-18,2025-11-18 21:00:00+00:00,2025-11-18 20:00:00+00:00,92748.97,True
2025-11-19,2025-11-19 21:00:00+00:00,2025-11-19 20:00:00+00:00,89413.61,True
2025-11-20,2025-11-20 21:00:00+00:00,2025-11-20 20:00:00+00:00,86333.83,True
2025-11-21,2025-11-21 21:00:00+00:00,2025-11-21 20:00:00+00:00,84487.2,True
2025-11-24,2025-11-24 21:00:00+00:00,2025-11-24 20:00:00+00:00,89072.01,True
2025-11-25,2025-11-25 21:00:00+00:00,2025-11-25 20:00:00+00:00,87343.65,True
2025-11-26,2025-11-26 21:00:00+00:00,2025-11-26 20:00:00+00:00,89856.06,True
2025-11-28,2025-11-28 18:00:00+00:00,2025-11-28 17:00:00+00:00,90673.19,True
2025-12-01,2025-12-01 21:00:00+00:00,2025-12-01 20:00:00+00:00,85511.18,True
2025-12-02,2025-12-02 21:00:00+00:00,2025-12-02 20:00:00+00:00,91070.79,True
2025-12-03,2025-12-03 21:00:00+00:00,2025-12-03 20:00:00+00:00,92991.75,True
2025-12-04,2025-12-04 21:00:00+00:00,2025-12-04 20:00:00+00:00,92523.07,True
2025-12-05,2025-12-05 21:00:00+00:00,2025-12-05 20:00:00+00:00,89321.7,True
2025-12-08,2025-12-08 21:00:00+00:00,2025-12-08 20:00:00+00:00,90813.85,True
2025-12-09,2025-12-09 21:00:00+00:00,2025-12-09 20:00:00+00:00,93136.46,True
2025-12-10,2025-12-10 21:00:00+00:00,2025-12-10 20:00:00+00:00,92498.32,True
2025-12-11,2025-12-11 21:00:00+00:00,2025-12-11 20:00:00+00:00,91808.02,True
2025-12-12,2025-12-12 21:00:00+00:00,2025-12-12 20:00:00+00:00,90220.0,True
2025-12-15,2025-12-15 21:00:00+00:00,2025-12-15 20:00:00+00:00,85757.01,True
2025-12-16,2025-12-16 21:00:00+00:00,2025-12-16 20:00:00+00:00,87552.02,True
2025-12-17,2025-12-17 21:00:00+00:00,2025-12-17 20:00:00+00:00,85857.38,True
2025-12-18,2025-12-18 21:00:00+00:00,2025-12-18 20:00:00+00:00,84558.65,True
2025-12-19,2025-12-19 21:00:00+00:00,2025-12-19 20:00:00+00:00,88021.73,True
2025-12-22,2025-12-22 21:00:00+00:00,2025-12-22 20:00:00+00:00,88294.02,True
2025-12-23,2025-12-23 21:00:00+00:00,2025-12-23 20:00:00+00:00,87613.32,True
2025-12-24,2025-12-24 18:00:00+00:00,2025-12-24 17:00:00+00:00,87257.34,True
2025-12-26,2025-12-26 21:00:00+00:00,2025-12-26 20:00:00+00:00,87507.92,True
2025-12-29,2025-12-29 21:00:00+00:00,2025-12-29 20:00:00+00:00,87076.36,True
2025-12-30,2025-12-30 21:00:00+00:00,2025-12-30 20:00:00+00:00,87836.94,True
2025-12-31,2025-12-31 21:00:00+00:00,2025-12-31 20:00:00+00:00,87523.98,True
2026-01-02,2026-01-02 21:00:00+00:00,2026-01-02 20:00:00+00:00,89693.1,True
2026-01-05,2026-01-05 21:00:00+00:00,2026-01-05 20:00:00+00:00,94194.02,True
2026-01-06,2026-01-06 21:00:00+00:00,2026-01-06 20:00:00+00:00,92447.52,True
2026-01-07,2026-01-07 21:00:00+00:00,2026-01-07 20:00:00+00:00,90930.07,True
2026-01-08,2026-01-08 21:00:00+00:00,2026-01-08 20:00:00+00:00,90847.09,True
2026-01-09,2026-01-09 21:00:00+00:00,2026-01-09 20:00:00+00:00,90195.99,True
2026-01-12,2026-01-12 21:00:00+00:00,2026-01-12 20:00:00+00:00,91409.51,True
2026-01-13,2026-01-13 21:00:00+00:00,2026-01-13 20:00:00+00:00,94411.91,True
2026-01-14,2026-01-14 21:00:00+00:00,2026-01-14 20:00:00+00:00,97676.01,True
2026-01-15,2026-01-15 21:00:00+00:00,2026-01-15 20:00:00+00:00,95225.99,True
2026-01-16,2026-01-16 21:00:00+00:00,2026-01-16 20:00:00+00:00,95536.0,True
2026-01-20,2026-01-20 21:00:00+00:00,2026-01-20 20:00:00+00:00,89592.06,True
2026-01-21,2026-01-21 21:00:00+00:00,2026-01-21 20:00:00+00:00,90136.01,True
2026-01-22,2026-01-22 21:00:00+00:00,2026-01-22 20:00:00+00:00,89312.0,True
2026-01-23,2026-01-23 21:00:00+00:00,2026-01-23 20:00:00+00:00,89395.04,True
2026-01-26,2026-01-26 21:00:00+00:00,2026-01-26 20:00:00+00:00,87528.0,True
2026-01-27,2026-01-27 21:00:00+00:00,2026-01-27 20:00:00+00:00,89297.98,True
2026-01-28,2026-01-28 21:00:00+00:00,2026-01-28 20:00:00+00:00,88997.89,True
2026-01-29,2026-01-29 21:00:00+00:00,2026-01-29 20:00:00+00:00,84043.29,True
2026-01-30,2026-01-30 21:00:00+00:00,2026-01-30 20:00:00+00:00,83738.0,True
2026-02-02,2026-02-02 21:00:00+00:00,2026-02-02 20:00:00+00:00,77941.95,True
2026-02-03,2026-02-03 21:00:00+00:00,2026-02-03 20:00:00+00:00,76370.3,True
2026-02-04,2026-02-04 21:00:00+00:00,2026-02-04 20:00:00+00:00,73337.99,True
2026-02-05,2026-02-05 21:00:00+00:00,2026-02-05 20:00:00+00:00,63620.01,True
2026-02-06,2026-02-06 21:00:00+00:00,2026-02-06 20:00:00+00:00,69963.99,True
2026-02-09,2026-02-09 21:00:00+00:00,2026-02-09 20:00:00+00:00,70707.99,True
2026-02-10,2026-02-10 21:00:00+00:00,2026-02-10 20:00:00+00:00,68708.94,True
2026-02-11,2026-02-11 21:00:00+00:00,2026-02-11 20:00:00+00:00,67517.41,True
2026-02-12,2026-02-12 21:00:00+00:00,2026-02-12 20:00:00+00:00,65362.5,True
2026-02-13,2026-02-13 21:00:00+00:00,2026-02-13 20:00:00+00:00,68729.57,True
2026-02-17,2026-02-17 21:00:00+00:00,2026-02-17 20:00:00+00:00,67712.49,True
2026-02-18,2026-02-18 21:00:00+00:00,2026-02-18 20:00:00+00:00,66221.41,True
2026-02-19,2026-02-19 21:00:00+00:00,2026-02-19 20:00:00+00:00,67125.14,True
2026-02-20,2026-02-20 21:00:00+00:00,2026-02-20 20:00:00+00:00,67733.36,True
2026-02-23,2026-02-23 21:00:00+00:00,2026-02-23 20:00:00+00:00,64463.59,True
2026-02-24,2026-02-24 21:00:00+00:00,2026-02-24 20:00:00+00:00,64474.97,True
2026-02-25,2026-02-25 21:00:00+00:00,2026-02-25 20:00:00+00:00,69177.78,True
2026-02-26,2026-02-26 21:00:00+00:00,2026-02-26 20:00:00+00:00,67434.87,True
2026-02-27,2026-02-27 21:00:00+00:00,2026-02-27 20:00:00+00:00,65590.47,True
2026-03-02,2026-03-02 21:00:00+00:00,2026-03-02 20:00:00+00:00,69128.01,True
2026-03-03,2026-03-03 21:00:00+00:00,2026-03-03 20:00:00+00:00,68264.6,True
2026-03-04,2026-03-04 21:00:00+00:00,2026-03-04 20:00:00+00:00,73077.92,True
2026-03-05,2026-03-05 21:00:00+00:00,2026-03-05 20:00:00+00:00,71233.32,True
2026-03-06,2026-03-06 21:00:00+00:00,2026-03-06 20:00:00+00:00,68102.86,True
2026-03-09,2026-03-09 20:00:00+00:00,2026-03-09 19:00:00+00:00,69012.12,True
2026-03-10,2026-03-10 20:00:00+00:00,2026-03-10 19:00:00+00:00,70055.27,True
2026-03-11,2026-03-11 20:00:00+00:00,2026-03-11 19:00:00+00:00,70670.11,True
2026-03-12,2026-03-12 20:00:00+00:00,2026-03-12 19:00:00+00:00,70462.0,True
2026-03-13,2026-03-13 20:00:00+00:00,2026-03-13 19:00:00+00:00,71190.64,True
2026-03-16,2026-03-16 20:00:00+00:00,2026-03-16 19:00:00+00:00,73969.53,True
2026-03-17,2026-03-17 20:00:00+00:00,2026-03-17 19:00:00+00:00,74542.28,True
2026-03-18,2026-03-18 20:00:00+00:00,2026-03-18 19:00:00+00:00,71065.73,True
2026-03-19,2026-03-19 20:00:00+00:00,2026-03-19 19:00:00+00:00,70265.41,True
2026-03-20,2026-03-20 20:00:00+00:00,2026-03-20 19:00:00+00:00,70169.39,True
2026-03-23,2026-03-23 20:00:00+00:00,2026-03-23 19:00:00+00:00,70660.88,True
2026-03-24,2026-03-24 20:00:00+00:00,2026-03-24 19:00:00+00:00,69334.0,True
2026-03-25,2026-03-25 20:00:00+00:00,2026-03-25 19:00:00+00:00,70859.88,True
2026-03-26,2026-03-26 20:00:00+00:00,2026-03-26 19:00:00+00:00,68479.59,True
2026-03-27,2026-03-27 20:00:00+00:00,2026-03-27 19:00:00+00:00,65975.02,True
2026-03-30,2026-03-30 20:00:00+00:00,2026-03-30 19:00:00+00:00,66488.0,True
2026-03-31,2026-03-31 20:00:00+00:00,2026-03-31 19:00:00+00:00,67772.92,True
2026-04-01,2026-04-01 20:00:00+00:00,2026-04-01 19:00:00+00:00,68162.03,True
2026-04-02,2026-04-02 20:00:00+00:00,2026-04-02 19:00:00+00:00,66976.06,True
2026-04-06,2026-04-06 20:00:00+00:00,2026-04-06 19:00:00+00:00,69732.99,True
2026-04-07,2026-04-07 20:00:00+00:00,2026-04-07 19:00:00+00:00,68993.62,True
2026-04-08,2026-04-08 20:00:00+00:00,2026-04-08 19:00:00+00:00,71331.51,True
2026-04-09,2026-04-09 20:00:00+00:00,2026-04-09 19:00:00+00:00,72136.37,True
2026-04-10,2026-04-10 20:00:00+00:00,2026-04-10 19:00:00+00:00,73286.01,True
2026-04-13,2026-04-13 20:00:00+00:00,2026-04-13 19:00:00+00:00,73373.2,True
2026-04-14,2026-04-14 20:00:00+00:00,2026-04-14 19:00:00+00:00,74299.83,True
2026-04-15,2026-04-15 20:00:00+00:00,2026-04-15 19:00:00+00:00,75048.06,True
2026-04-16,2026-04-16 20:00:00+00:00,2026-04-16 19:00:00+00:00,75378.0,True
2026-04-17,2026-04-17 20:00:00+00:00,2026-04-17 19:00:00+00:00,77453.07,True
2026-04-20,2026-04-20 20:00:00+00:00,2026-04-20 19:00:00+00:00,76337.42,True
2026-04-21,2026-04-21 20:00:00+00:00,2026-04-21 19:00:00+00:00,75030.96,True
2026-04-22,2026-04-22 20:00:00+00:00,2026-04-22 19:00:00+00:00,78878.3,True
2026-04-23,2026-04-23 20:00:00+00:00,2026-04-23 19:00:00+00:00,77743.16,True
2026-04-24,2026-04-24 20:00:00+00:00,2026-04-24 19:00:00+00:00,77659.72,True
2026-04-27,2026-04-27 20:00:00+00:00,2026-04-27 19:00:00+00:00,76886.0,True
2026-04-28,2026-04-28 20:00:00+00:00,2026-04-28 19:00:00+00:00,76308.13,True
2026-04-29,2026-04-29 20:00:00+00:00,2026-04-29 19:00:00+00:00,75526.0,True
2026-04-30,2026-04-30 20:00:00+00:00,2026-04-30 19:00:00+00:00,76375.39,True
2026-05-01,2026-05-01 20:00:00+00:00,2026-05-01 19:00:00+00:00,78374.85,True
2026-05-04,2026-05-04 20:00:00+00:00,2026-05-04 19:00:00+00:00,80052.2,True
2026-05-05,2026-05-05 20:00:00+00:00,2026-05-05 19:00:00+00:00,81611.95,True
2026-05-06,2026-05-06 20:00:00+00:00,2026-05-06 19:00:00+00:00,81457.38,True
2026-05-07,2026-05-07 20:00:00+00:00,2026-05-07 19:00:00+00:00,80142.85,True
2026-05-08,2026-05-08 20:00:00+00:00,2026-05-08 19:00:00+00:00,80149.99,True
2026-05-11,2026-05-11 20:00:00+00:00,2026-05-11 19:00:00+00:00,81956.0,True
2026-05-12,2026-05-12 20:00:00+00:00,2026-05-12 19:00:00+00:00,80820.63,True
2026-05-13,2026-05-13 20:00:00+00:00,2026-05-13 19:00:00+00:00,79612.0,True
2026-05-14,2026-05-14 20:00:00+00:00,2026-05-14 19:00:00+00:00,81439.17,True
2026-05-15,2026-05-15 20:00:00+00:00,2026-05-15 19:00:00+00:00,79089.14,True
2026-05-18,2026-05-18 20:00:00+00:00,2026-05-18 19:00:00+00:00,76859.05,True
2026-05-19,2026-05-19 20:00:00+00:00,2026-05-19 19:00:00+00:00,76758.13,True
2026-05-20,2026-05-20 20:00:00+00:00,2026-05-20 19:00:00+00:00,77598.0,True
2026-05-21,2026-05-21 20:00:00+00:00,2026-05-21 19:00:00+00:00,77613.34,True
2026-05-22,2026-05-22 20:00:00+00:00,2026-05-22 19:00:00+00:00,75769.44,True
2026-05-26,2026-05-26 20:00:00+00:00,2026-05-26 19:00:00+00:00,75919.93,True
2026-05-27,2026-05-27 20:00:00+00:00,2026-05-27 19:00:00+00:00,74920.54,True
2026-05-28,2026-05-28 20:00:00+00:00,2026-05-28 19:00:00+00:00,73318.39,True
2026-05-29,2026-05-29 20:00:00+00:00,2026-05-29 19:00:00+00:00,73404.1,True
2026-06-01,2026-06-01 20:00:00+00:00,2026-06-01 19:00:00+00:00,71488.84,True
2026-06-02,2026-06-02 20:00:00+00:00,2026-06-02 19:00:00+00:00,67213.59,True
2026-06-03,2026-06-03 20:00:00+00:00,2026-06-03 19:00:00+00:00,65356.01,True
2026-06-04,2026-06-04 20:00:00+00:00,2026-06-04 19:00:00+00:00,63541.28,True
2026-06-05,2026-06-05 20:00:00+00:00,2026-06-05 19:00:00+00:00,60264.11,True
2026-06-08,2026-06-08 20:00:00+00:00,2026-06-08 19:00:00+00:00,63352.53,True
2026-06-09,2026-06-09 20:00:00+00:00,2026-06-09 19:00:00+00:00,62044.83,True
2026-06-10,2026-06-10 20:00:00+00:00,2026-06-10 19:00:00+00:00,61882.0,True
2026-06-11,2026-06-11 20:00:00+00:00,2026-06-11 19:00:00+00:00,63548.0,True
2026-06-12,2026-06-12 20:00:00+00:00,2026-06-12 19:00:00+00:00,63552.05,True
2026-06-15,2026-06-15 20:00:00+00:00,2026-06-15 19:00:00+00:00,66577.42,True
2026-06-16,2026-06-16 20:00:00+00:00,2026-06-16 19:00:00+00:00,65622.49,True
2026-06-17,2026-06-17 20:00:00+00:00,2026-06-17 19:00:00+00:00,64241.65,True
2026-06-18,2026-06-18 20:00:00+00:00,2026-06-18 19:00:00+00:00,62872.8,True
2026-06-22,2026-06-22 20:00:00+00:00,2026-06-22 19:00:00+00:00,64408.02,True
2026-06-23,2026-06-23 20:00:00+00:00,2026-06-23 19:00:00+00:00,62310.83,True
2026-06-24,2026-06-24 20:00:00+00:00,2026-06-24 19:00:00+00:00,59858.28,True
2026-06-25,2026-06-25 20:00:00+00:00,2026-06-25 19:00:00+00:00,59220.01,True
2026-06-26,2026-06-26 20:00:00+00:00,2026-06-26 19:00:00+00:00,59655.5,True
2026-06-29,2026-06-29 20:00:00+00:00,2026-06-29 19:00:00+00:00,60332.0,True
2026-06-30,2026-06-30 20:00:00+00:00,2026-06-30 19:00:00+00:00,58716.53,True
2026-07-01,2026-07-01 20:00:00+00:00,2026-07-01 19:00:00+00:00,59971.68,True
2026-07-02,2026-07-02 20:00:00+00:00,2026-07-02 19:00:00+00:00,61424.29,True
2026-07-06,2026-07-06 20:00:00+00:00,2026-07-06 19:00:00+00:00,63692.7,True
2026-07-07,2026-07-07 20:00:00+00:00,2026-07-07 19:00:00+00:00,63776.81,True
2026-07-08,2026-07-08 20:00:00+00:00,2026-07-08 19:00:00+00:00,62223.7,True
2026-07-09,2026-07-09 20:00:00+00:00,2026-07-09 19:00:00+00:00,63193.84,True
2026-07-10,2026-07-10 20:00:00+00:00,2026-07-10 19:00:00+00:00,63878.41,True
2026-07-13,2026-07-13 20:00:00+00:00,2026-07-13 19:00:00+00:00,62210.67,True
2026-07-14,2026-07-14 20:00:00+00:00,2026-07-14 19:00:00+00:00,64542.41,True
2026-07-15,2026-07-15 20:00:00+00:00,2026-07-15 19:00:00+00:00,64941.86,True
2026-07-16,2026-07-16 20:00:00+00:00,2026-07-16 19:00:00+00:00,64217.54,True
2026-07-17,2026-07-17 20:00:00+00:00,2026-07-17 19:00:00+00:00,64113.2,True
2026-07-20,2026-07-20 20:00:00+00:00,2026-07-20 19:00:00+00:00,65099.39,True
2026-07-21,2026-07-21 20:00:00+00:00,2026-07-21 19:00:00+00:00,66424.0,True
2026-07-22,2026-07-22 20:00:00+00:00,2026-07-22 19:00:00+00:00,65894.99,True
2026-07-23,2026-07-23 20:00:00+00:00,2026-07-23 19:00:00+00:00,64778.48,True
2026-07-24,2026-07-24 20:00:00+00:00,2026-07-24 19:00:00+00:00,64163.76,True
2026-07-27,2026-07-27 20:00:00+00:00,2026-07-27 19:00:00+00:00,64915.15,True
2026-07-28,2026-07-28 20:00:00+00:00,2026-07-28 19:00:00+00:00,63825.78,True
2026-07-29,2026-07-29 20:00:00+00:00,2026-07-29 19:00:00+00:00,63515.6,True
2026-07-30,2026-07-30 20:00:00+00:00,2026-07-30 19:00:00+00:00,64741.54,True
2026-07-31,2026-07-31 20:00:00+00:00,2026-07-31 19:00:00+00:00,62903.64,True
2026-08-03,2026-08-03 20:00:00+00:00,2026-08-03 19:00:00+00:00,63813.48,True
2026-08-04,2026-08-04 20:00:00+00:00,2026-08-04 19:00:00+00:00,64197.18,True
2026-08-05,2026-08-05 20:00:00+00:00,2026-08-05 19:00:00+00:00,64794.63,True
2026-08-06,2026-08-06 20:00:00+00:00,2026-08-06 19:00:00+00:00,64390.13,True
2026-08-07,2026-08-07 20:00:00+00:00,2026-08-07 19:00:00+00:00,64914.79,True
2026-08-10,2026-08-10 20:00:00+00:00,2026-08-10 19:00:00+00:00,63977.9,True
2026-08-11,2026-08-11 20:00:00+00:00,2026-08-11 19:00:00+00:00,63468.75,True
2026-08-12,2026-08-12 20:00:00+00:00,2026-08-12 19:00:00+00:00,63344.07,True
2026-08-13,2026-08-13 20:00:00+00:00,2026-08-13 19:00:00+00:00,63339.67,True
2026-08-14,2026-08-14 20:00:00+00:00,2026-08-14 19:00:00+00:00,62892.03,True
2026-08-17,2026-08-17 20:00:00+00:00,2026-08-17 19:00:00+00:00,64262.0,True
2026-08-18,2026-08-18 20:00:00+00:00,2026-08-18 19:00:00+00:00,64610.51,True
2026-08-19,2026-08-19 20:00:00+00:00,2026-08-19 19:00:00+00:00,68418.55,True
2026-08-20,2026-08-20 20:00:00+00:00,2026-08-20 19:00:00+00:00,72669.36,True
2026-08-21,2026-08-21 20:00:00+00:00,2026-08-21 19:00:00+00:00,77003.92,True
2026-08-24,2026-08-24 20:00:00+00:00,2026-08-24 19:00:00+00:00,78746.35,True
2026-08-25,2026-08-25 20:00:00+00:00,2026-08-25 19:00:00+00:00,78928.78,True
2026-08-26,2026-08-26 20:00:00+00:00,2026-08-26 19:00:00+00:00,78475.06,True
2026-08-27,2026-08-27 20:00:00+00:00,2026-08-27 19:00:00+00:00,79910.05,True
2026-08-28,2026-08-28 20:00:00+00:00,2026-08-28 19:00:00+00:00,77559.99,True
2026-08-31,2026-08-31 20:00:00+00:00,2026-08-31 19:00:00+00:00,78893.63,True
